{
  "p1_singleprompt": {
    "precision_at_5": {
      "mean": 0.0,
      "lo": 0.0,
      "hi": 0.0,
      "n_queries": 25,
      "n_resamples": 1000
    },
    "mrr": {
      "mean": 0.0,
      "lo": 0.0,
      "hi": 0.0,
      "n_queries": 25,
      "n_resamples": 1000
    },
    "csr": {
      "mean": 0.0,
      "lo": 0.0,
      "hi": 0.0,
      "n_queries": 25,
      "n_resamples": 1000
    }
  },
  "p2_rag": {
    "precision_at_5": {
      "mean": 0.05600000000000001,
      "lo": 0.016,
      "hi": 0.10400000000000001,
      "n_queries": 25,
      "n_resamples": 1000
    },
    "mrr": {
      "mean": 0.13466666666666666,
      "lo": 0.037333333333333336,
      "hi": 0.26266666666666666,
      "n_queries": 25,
      "n_resamples": 1000
    },
    "csr": {
      "mean": 0.7826666666666666,
      "lo": 0.6833333333333332,
      "hi": 0.8753333333333333,
      "n_queries": 25,
      "n_resamples": 1000
    }
  },
  "suppliermind": {
    "precision_at_5": {
      "mean": 0.064,
      "lo": 0.024000000000000004,
      "hi": 0.11200000000000002,
      "n_queries": 25,
      "n_resamples": 1000
    },
    "mrr": {
      "mean": 0.138,
      "lo": 0.04,
      "hi": 0.266,
      "n_queries": 25,
      "n_resamples": 1000
    },
    "csr": {
      "mean": 0.6679999999999999,
      "lo": 0.5566666666666666,
      "hi": 0.7682000000000001,
      "n_queries": 25,
      "n_resamples": 1000
    }
  }
}