{
  "p1_singleprompt": {
    "precision_at_5": {
      "mean": 0.0,
      "lo": 0.0,
      "hi": 0.0,
      "n_queries": 25,
      "n_resamples": 1000
    },
    "mrr": {
      "mean": 0.0,
      "lo": 0.0,
      "hi": 0.0,
      "n_queries": 25,
      "n_resamples": 1000
    },
    "csr": {
      "mean": 0.0,
      "lo": 0.0,
      "hi": 0.0,
      "n_queries": 25,
      "n_resamples": 1000
    }
  },
  "p2_rag": {
    "precision_at_5": {
      "mean": 0.05600000000000001,
      "lo": 0.016,
      "hi": 0.10400000000000001,
      "n_queries": 25,
      "n_resamples": 1000
    },
    "mrr": {
      "mean": 0.13466666666666666,
      "lo": 0.037333333333333336,
      "hi": 0.26266666666666666,
      "n_queries": 25,
      "n_resamples": 1000
    },
    "csr": {
      "mean": 0.7773333333333333,
      "lo": 0.6759999999999999,
      "hi": 0.8723333333333333,
      "n_queries": 25,
      "n_resamples": 1000
    }
  },
  "suppliermind": {
    "precision_at_5": {
      "mean": 0.07200000000000001,
      "lo": 0.024000000000000004,
      "hi": 0.12,
      "n_queries": 25,
      "n_resamples": 1000
    },
    "mrr": {
      "mean": 0.15133333333333332,
      "lo": 0.05333333333333333,
      "hi": 0.278,
      "n_queries": 25,
      "n_resamples": 1000
    },
    "csr": {
      "mean": 0.6631333333333334,
      "lo": 0.5467333333333333,
      "hi": 0.7806666666666666,
      "n_queries": 25,
      "n_resamples": 1000
    }
  }
}